{
  "scenario_name": "DeepANN_Y1_to_Y2",
  "feature_cols": [
    "age_Y1",
    "cd4_Y1",
    "viral_load_Y1",
    "log10_vl_Y1",
    "suppressed_lt1000_Y1",
    "who_stage_Y1",
    "functional_status_Y1",
    "weight_Y1",
    "regimen_line_Y1",
    "regimen_type_Y1",
    "tb_status_Y1",
    "adherence_prop_Y1",
    "pharmacy_refill_adherence_pct_Y1",
    "missed_appointments_Y1",
    "days_late_Y1",
    "gender_Y1",
    "stateProvince_Y1",
    "facilityName_Y1",
    "age_baseline_Y1"
  ],
  "cat_cols": [
    "functional_status_Y1",
    "regimen_line_Y1",
    "regimen_type_Y1",
    "tb_status_Y1",
    "gender_Y1",
    "stateProvince_Y1",
    "facilityName_Y1"
  ],
  "num_cols": [
    "age_Y1",
    "cd4_Y1",
    "viral_load_Y1",
    "log10_vl_Y1",
    "suppressed_lt1000_Y1",
    "who_stage_Y1",
    "weight_Y1",
    "adherence_prop_Y1",
    "pharmacy_refill_adherence_pct_Y1",
    "missed_appointments_Y1",
    "days_late_Y1",
    "age_baseline_Y1"
  ],
  "target_col": "suppressed_lt1000_Y2",
  "input_years": [
    1
  ],
  "target_year": 2,
  "test_auc": 0.9598517420311341,
  "test_pr_auc": 0.8754683620982674,
  "test_brier": 0.06907920849951137,
  "best_thresholds": {
    "F1": {
      "threshold": 0.56,
      "precision": 0.7835051546391752,
      "recall": 0.8,
      "f1": 0.7916666666666666,
      "youden_j": 0.7408450704225351,
      "roc_dist_to_top_left": 0.2085648716666227,
      "tp": 76.0,
      "fp": 21.0,
      "tn": 334.0,
      "fn": 19.0
    },
    "YoudenJ": {
      "threshold": 0.24,
      "precision": 0.6223776223776224,
      "recall": 0.9368421052631579,
      "f1": 0.7478991596638656,
      "youden_j": 0.7847294292068199,
      "roc_dist_to_top_left": 0.162105360785209,
      "tp": 89.0,
      "fp": 54.0,
      "tn": 301.0,
      "fn": 6.0
    },
    "ROC_top_left": {
      "threshold": 0.4,
      "precision": 0.6974789915966386,
      "recall": 0.8736842105263158,
      "f1": 0.7757009345794392,
      "youden_j": 0.7722757598220906,
      "roc_dist_to_top_left": 0.16023723744155496,
      "tp": 83.0,
      "fp": 36.0,
      "tn": 319.0,
      "fn": 12.0
    }
  }
}