Model,Target,Inputs,Thr_used_on_test,AUC,AP,Acc@thr,Prec@thr,Rec@thr,F1@thr,Acc@0.5,Prec@0.5,Rec@0.5,F1@0.5,TP,FP,TN,FN,VAL_bestF1_thr,VAL_bestF1_f1,VAL_Youden_thr,VAL_YoudenJ,VAL_ROC_TL_thr,VAL_ROC_TL_dist
DeepANN_T0Y1Y2Y3Y4_to_Y5,suppressed_lt1000_Y5,"T0,Y1,Y2,Y3,Y4",0.6900000000000001,0.9746632958154309,0.9903904977980745,0.9545333333333333,0.9602676021865056,0.9837024655244463,0.971843778383288,0.9383666666666667,0.9326384262706219,0.9945674885081488,0.9626079394932152,23540,974,5096,390,0.6900000000000001,0.9725619834710744,0.8400000000000001,0.8653777906091977,0.86,0.09948526855334212
DeepANN_T0Y1Y2Y3_to_Y4,suppressed_lt1000_Y4,"T0,Y1,Y2,Y3",0.51,0.963386328379102,0.9874043607977077,0.9368,0.9567612342099814,0.964430342754561,0.960580481516903,0.9374333333333333,0.9553630363036304,0.9668100029223897,0.9610524350009337,23101,1044,5003,852,0.51,0.9629244557193654,0.64,0.8298373728701978,0.65,0.12278511618864797
DeepANN_T0Y1Y2_to_Y3,suppressed_lt1000_Y3,"T0,Y1,Y2",0.63,0.9265055518734775,0.9747317599318484,0.9091,0.9177582555494549,0.9737838625109234,0.9449413474933878,0.8917333333333334,0.8868619932243773,0.9913029004202905,0.9361785742356362,23401,2097,3872,630,0.63,0.9452635831145223,0.8,0.7243762923384848,0.81,0.19573396097200974
DeepANN_T0Y1_to_Y2,suppressed_lt1000_Y2,"T0,Y1",0.56,0.888751140724251,0.965384353279716,0.8732,0.8872668908590645,0.964523097374543,0.9242834394904459,0.8646666666666667,0.866708202008356,0.9824277168494516,0.9209470773784025,23218,2950,2978,854,0.56,0.9251798274453543,0.73,0.6284296570477501,0.73,0.2628112434541469
DeepANN_T0_to_Y1,suppressed_lt1000_Y1,T0,0.55,0.7597340113811014,0.9182707839307843,0.8147666666666666,0.8199805946358029,0.9849323621227888,0.8949189720704196,0.8116333333333333,0.8127382897603486,0.9937565036420395,0.8941780116477219,23663,5195,780,362,0.55,0.8951260567775613,0.76,0.3966447084844501,0.76,0.42681770555556825
