Model,Target,Inputs,ThresholdUsed,AUC,AP,Accuracy,Precision,Recall,F1,TP,FP,TN,FN
DeepANN_T0Y1Y2Y3Y4_to_Y5,suppressed_lt1000_Y5,"T0,Y1,Y2,Y3,Y4",0.6849999999999999,0.9746632958154309,0.9903904977980745,0.9541666666666667,0.9594996536690706,0.9840785624738821,0.9716336929837229,23549,994,5076,381
DeepANN_T0Y1Y2Y3_to_Y4,suppressed_lt1000_Y4,"T0,Y1,Y2,Y3",0.5099999999999999,0.963386328379102,0.9874043607977077,0.9368,0.9567612342099814,0.964430342754561,0.960580481516903,23101,1044,5003,852
DeepANN_T0Y1Y2_to_Y3,suppressed_lt1000_Y3,"T0,Y1,Y2",0.635,0.9265055518734775,0.9747317599318484,0.9099666666666667,0.9191887430233472,0.9731596687611834,0.9454045641056738,23386,2056,3913,645
DeepANN_T0Y1_to_Y2,suppressed_lt1000_Y2,"T0,Y1",0.5599999999999999,0.888751140724251,0.965384353279716,0.8732,0.8872668908590645,0.964523097374543,0.9242834394904459,23218,2950,2978,854
DeepANN_T0_to_Y1,suppressed_lt1000_Y1,T0,0.5499999999999999,0.7597340113811014,0.9182707839307843,0.8147666666666666,0.8199805946358029,0.9849323621227888,0.8949189720704196,23663,5195,780,362
